{
    "factorTurnover": 1.0,
    "factorAPR": 4.0,
    "tickerMap": {
        "WBTC/USD [WETH-USDC]": "0x62170af269e9acd09a89279c0485e89aa42857a3",
        "ETH/BTC [WETH-USDC]": "0x79302b73acf3ec1c18433ef6e04f814c1cdc408f",
        "SOL/USD [WETH-USDC]": "0x822eecbf89f2431d50bb540980cb98f01a5a4eea",
        "WETH/USD [WETH-USDC]": "0x8efa54951bf70d9775dfe8f9364df83ad1e1a8cf"
    },
    "minShareLP": {
        "0x62170af269e9acd09a89279c0485e89aa42857a3": true,
        "0x79302b73acf3ec1c18433ef6e04f814c1cdc408f": true,
        "0x822eecbf89f2431d50bb540980cb98f01a5a4eea": true,
        "0x8efa54951bf70d9775dfe8f9364df83ad1e1a8cf": true
    },
    "marketActive": {
        "0x62170af269e9acd09a89279c0485e89aa42857a3": true,
        "0x79302b73acf3ec1c18433ef6e04f814c1cdc408f": true,
        "0x822eecbf89f2431d50bb540980cb98f01a5a4eea": true,
        "0x8efa54951bf70d9775dfe8f9364df83ad1e1a8cf": true
    }
}

